CATEGORY,TOTAL BOOKS,BOOK TITLES
,290,"100 wonders of the world : the finest treasures of civilization and nature on five continents,1001 days the shaped world,12 years'' CBSE AIPMT solved papers 2014-2003,365 fairy tales,365 folk tales,365 panchtantra stories,365 Science experiments,365 stories Aroun the world,9 secrets of successful meditation:,A text book of Mathematics,Aayurvedik Chikista Sar,Active Grammar,Active Grammar,Active Grammar,Active Grammar,Adventure of Robinhood:Immortal illustrated classics,Adventure of Robinson Crusoe:Immortal illustrated classics,Adventure of Tom Sawyer:Immortal illustrated classics,Adventures of Huckleberry Finn: Immortal illustrated classics,Adventures of Sherlock Holmes,Aircraft digital electronic and computer system: principles, operation and maintenance,Albert Einstien: short biography,Alice in Wonderland,Alice in wonderland:Immortal illustrated classics,Alice''s  adventure in worderland,All in one : Mathematics,Amaging Blunders and Bungiles,Animal farm,Arebian nights,Aroun the world in 80 days:Immortal ill"
1-11 Standard,2,"Mathematics Olympiad , Set B- Class  1-11,Mathematics Olympiad , Set B- Class  1-11"
10th  Standard,251," Biology,15 Sample question papers social science class 10,20+ sample papers science,20+ sample papers social science,36 series paper bank 2020 examination,36 series paper bank 2020 examination,A better you 10,A complete course in mathematics 10,A simple study of biology 10,A simple study of chemistry,A simple study of physics 10,A textbook of information technology 10,All in one social science,All in one social science,Awareness social science 10,Best in mathematics 10,Best in Mathematics 10,Biology,Biology : super simplified science,Biology 10,CBSE 10 Sample question papers 10 science,CBSE 10 Sample question papers mathematics (standard),CBSE 10Sample question papers 10 computer applications,CBSE 10Sample question papers Social science,CBSE 15 practice papers,CBSE Chapterwise objective mcqs 10,CBSE COMPLETE COURSE HINDI-A,CBSE max marks chapterwise question bank Maths 10,CBSE Previous 10 years chapterwise solved question bank 10,CBSE Question Bank - Social Science,CBSE Question bank Science term 1 10,CBSE Q"
10th Standard,571," ABC of Science and Technology: Physics, ABC of Social Science: Geography,10 sample question paper cbse exam 2016: sanskrit, term 2, class 10,100% Succeess: Sample Question Papers in English Communicative Term-2,100% Succeess: Sample Question Papers in Mathematic Term-2,100% Succeess: Sample Question Papers in Science Term-2,100% Succeess: Sample Question Papers in Social Science Term-2,100% Success : Sample Question Papers in Science,100% success hindi sample papers, term-2, Course -B,100% Success sample papers in English Communicative , term 2, class 10,100% Success sample papers in Mathematics,100% Success sample papers in Mathematics, term 2, class 10,100% Success sample papers in Science,100% Success sample papers in Science, term 1, classs 10,100% Success sample papers in Science, term 2, class 10,100% Success sample papers in Social Science, term 2, class 10,100% Success Sample Papers Social Science, term 1, class 10,100% Success sample question papers in  science: term 2,class 10,100% success sample q"
10thStandard,1,Story of my life
11 & 12th Standard,9,"Algebra,Coordinate geometry,Differential calculus,Differential calculus,Integral Calculus,Modern approach to chemical calculations: an introducation to the modern concept,Objective Mathematics  for JEE mains,Objective Physics for JEE mains,Progress in computer science with python 11"
"11, 12th Standard",1,Health and Physical Education
11th  Standard,90," Accountancy 11,100 percent biology 11,100 percent chemistry 11,100 percent mathematics 11,100 percent physics 11,A practical workbook for CBSE Computer Science,A practical workbook for CBSE Computer science 11,ABD's Accountancy Financial Accounting II,ABD's Accountancy financial vol 1   11,ABD's Accountancy vol 1,ABD's Questions for Revision in Mathematics 11,Accountancy 11,Accountancy 11,Accountancy part A volume II,Accountancy vol 2: financial accounting II,Accountancy vol II with Goods and service tax,Accountancy volume 1 financial accounting 1,Biology objective type question bank 11,Business studies,Business studies 11,Business studies 11,Business studies 11,Business studies 11,Canterville ghost: Oscar Wilde,Chemistry vol 1,Chemistry vol 1,Chemistry vol 1,Chemistry vol 1,Chemistry vol 1,Chemistry vol 2,Chemistry vol 2,Chemistry vol 2,Chemistry vol 2,Chemistry vol 2,Chemistry volume 1,Computer science with C++ 11th Standard,Computer science with python 11,Computer science with PYTHON 11,Computer science w"
11th Standard,188,"ABC of Biology: Lab Manual,Abc of laboratory manual in Biology,ABC of Mathematics,ABC of Physics: Lab manual,Abc of Practical Biology,ABD''S Accountancy,ABD''S Accountancy,Accountancy,Accountancy , Part-A,Accountancy , Part-B,Accountancy: a self study textbook,Accountancy: financial accounting, texbook for class 11, part 1,Accountancy: financial accounting, texbook for class 11, part 1,Accountancy: financial accounting, texbook for class 11, part 2,Accountancy: Textbook,Basic health and physical education,Biology : Practical Book,Business Studies,Business studies,Business Studies,Business Studies,Business studies,Business studies,Business Studies,Business Studies,Business studies 11,Business studies, class 11,Business studies: class 11,Canterville ghost,Canterville ghost,Canterville ghost,Canterville ghost,Canterville ghost: class 11,CBSE 2018 exam kit in biology: class 11,CBSE 2018 exam kit in chemistry: class 11,Chemistry Activities,Chemistry part 1 class 11,Chemistry part 2 class 11,chemistry practical Not"
12th  Standard,202,"100 percent biology 12,100 percent mathematics 12,100 percent physics 12,36 series paper bank 2020 examination,A textbook of mathematics vol.2,ABD's Bull's eye business studies 12 term1,Accoubtancy CBSE question bank chapterwise,Accountancy :a self study textbook part I,Accountancy 12 part -A vol-1,Accountancy 12 part 1,Accountancy 12 part A,Accountancy 12 part A vol 2,Accountancy 12 part B,Accountancy objective type question bank term1 12,Accountancy part A 12,Accountancy part A Vol 1,Accountancy Part A Vol 2,Accountancy part A VOL 2,Accountancy part A vol.1,Accountancy part A volume I,Accountancy Part-A Volume-II,Accountancy partA VOL.1,ACCOUNTANCY QUESTION BANK,Accountancy Volume-1 Part-A,Accountancy:accounting for companiesand not for profit organisations part A,Accountancy:solved papers,Analysis of financial statements 12,Analysis of financial statements 12 part B,Analysis of financial statements part B 12,Analysis of financial statements part B 12,Best in business  studies 12 part A,Best in business stu"
12th Standard,371,"100% Succeess: Sample Question Papers in Business StudiesTerm-2,100% success sample Question papers Accountancy,100% success sample question papers in Chemistry for March 2017, Class 12,100% success sample Question papers in Economics,100% success sample question papers in Physics for March 2017, class 12,100% success:  sample question paper in English core,100% sucess sample question papers in Mathematics term 2, class 12,100% sucess sample question papers in Physics term 2, class 12,15 sample question papers in Accountancy, class 12,36 series CBSE paper bank 2020 examination,A text book of Mathematics,Abc of Physics Part-1,Abc of Physics Part-2,Accontancy,Accountancy,Accountancy,Accountancy,Accountancy : Accountiong for not profit organisations partnership firms and companies,Accountancy part A : Class 12,Accountancy: a self study textbook part -A,Accountancy: a self study textbook part -B,Accountancy: Accounting for partnership firms and companies,Accountancy: Accounting for partnership firms and companies"
1st  Standard,53,"A better you 1,A better you 1,Bright hearts 1,Bright hearts 1,Count your blessings 1,Curious kids : gk and moral values,English Reader 1,Firefly Plus Magic Touch Reader,Glitter: skill based course in communicative english,Gyan sagar 1,Heart and mind 1,I can ! 1,Igniting life 1,Inspirations for life 1,Inspiring souls : moral values and life skills 1,Katha  Sarovar 1,Katha Sangam 1,Katha Sarovar 1,Life :book on life skills and value education,Life ready 1,Life skills and value education,Life skills and value education 1,Little leaders 1,Live and let live 1,Magic touch reader 1,Magic zeal of life 1,Moral stairs of mankind 1,Moral Values 1,My moral values 1,My moral values 1,My moral values 1,New learning to communicate 1,New Radiant readers 1,Panorama collection of short stories,Raintree english 1,Reader 1,Reader For Sustained Silent Reading,Reading fun 1,Suno kahani 1,Tana Bana,Tana Bana,Tana Bana 1,The right path 1,Think beyond 1,Unified maths,Utkarsh Textbok,Value education 1,Value education 1,Value education"
1st Standard,325,"A new Leaf : Main Course book in English,ABC of General Knowledge,ABC of Mathematics,ABC of Social Studies,ABC of Social Studies,ABC of Social Studies,ABC of Value Education,Active mathematics: class 1,Alpha Mathematics: Develops Mathematical Thinking and Problem Solving Skills,Amrut hindi pathmala: class 1,Art and Craft,Avenues: A Course on developing English Skills,Awareness Environmental Studies,Awareness Environmental Studies,Awareness Environmental Studies,Begineer''s Social Studies : Introductory,Beginner''s Social studies,Beginner''s Social Studies,Brain Booster,Brain up with mathematics,Brainwave: General Knowledge,CCE par aadharit hindi pathypustak megha: class 1,Celebration a skill based course in communicative English: Main Coursebook,Chips and Bits: Informion Outlook,Chips and Bits:Information Technology outlook,CompACt: Learning Computer Through Activities,Composite mathematics,Composite Mathematics,Computer  Made Friendly,Computer : A Wonder Machine,Computer @ School,Computer @ school,Computer @"
2-11 Standard,2,"Computers and information technology, Set B- Class  2-11,The magic of vedic mathematics"
2nd Standard,296," Environmental  Studies,A better you 2,A better you 2,A Book of General Knowledge: New Wisdom Tree,A look at life,ABC of Mathematics,ABC of Social Studies,ABC of Value Education,Abhayash pustika rimzim: class 2,Active mathematics: class 2,Advanced Rediant Readers,Amrut hindi pathmala: class 2,Awareness Enviromental Studies,Brain Booster,Brain Booster,Brain up with mathematics,Bright hearts 2,Busy bees hindi pathamala: class 2,CCE par aadharit hindi pathypustak megha: class 2,Chips and Bits : - Information technology outlook,Chips and Bits:Information Technology outlook,Composite mathematics,Computer ahead,Computer Ahead,Computer era next: class 2,Computer Learning Books,Computer science,Computer wizard,computer world,Computer: information Technology,Computer: information Technology,Computer@School,Computers in everyday life,Connect with Computers,Connect with General Knowledge,Connect with Mathematics,Core Mathematics,Count your blessings 2,Creative Champs, Art and Craft,Creative kids, Fun, learn,Explor new h"
2ndStandard,1,"Everyday English Grammar and Composition, std 2"
3 Standard,240,"A B C of general knowledge,ABC of Social Studies,ABC of Social Studies,Active Grammar Practice book,Active Mathematics,Active Social Studies,Advanced All in one,All About Mathematics,An Activity based learning process in Science,Arrow Environmental Studies,Arrow Mouse : The computer book,Avenues : A Course on Developing english skill,Awareness Enviromental Studies,Beginner''s  Social Studies,CCE Awareness Science,CCE Edition Fun with Science,Celebration: A skill Based course in Communicative english,Chips and Bits : - Information technology outlook,Communicate in English,Communicate in english: an Activity Book,Compact : learning computer through activites,Composite mathematics for us,Compu Kid,Computer : A wonder Machine,Computer Ahead,Computer Information Technology Skillsheet,Computer Scince,Computer Vision,ComputersAhead : Information technology,Conquer Grammar and Composition with phonics and spelling,Cordova learning series Computer update,Creative Science,Digi Tech : A Gateway into the world of informa"
3-8th Standard,2,"Teacher resource material for through the ages social studies classes 3 to 8,Teacher resource material for through the ages social studies classes 3 to 8"
3rd Standard,302,"365 days 3,A better you 3,A better you 3,A new Leaf : Main Course book in English,ABC of Mathematics,ABC of Value Education,Abhivyakti hindi pathaypustak,Active English,Active English,Active mathematics: class 3,Amoli hindi pathmala 3,Amrut hindi pathmala 3,Amrut hindi pathmala: class 3,Anand hindi pathmala 3,Anuraag hindi pathmala 3,Brain Booster Plus 3,Brain Game 3,Bravia best resoursed audio visual integrated assignment: English : Reading, writing, grammar,Bright hearts 3,Bright hearts 3,Browser general knowledge,Busy bees hindi pathamala: class 3,CCE Awareness Science,CCE par aadharit hindi pathypustak megha: class 3,CCE wonders of Science,Chips and Bits:Information Technology outlook,Composite Mathematics,Composite mathematics,Computer ahead,Computer era next: class 3,Computer Learning Books,Computer science,Computer world,Computer@School,Computeter: Information tetchnology: Coursebook,Computeter: Information tetchnology: skillsheet,Connect with Computers,Connect with General Knowledge,Connect with Mathe"
4th Standard,491," Environment Education, Environmental Education,`Katha Sangam 4,365 days,365 days general knowledge 4,A better you 4,A better you 4,A Book of General Knowledge: New Wisdom Tree,A new Leaf : Main Course book in English,ABC of Mathematics,ABC of Science,ABC of Value Education,Abhayash pustika rimzim: class 4,Active English,Active Grammar,Active Maths,Active social studies: teachers resource book, class 4,Advanced Rediant Readers,Amoli pathmala 4,Amrut hindi pathmala: class 4,An Activity Based Learning Process In Science,Anand hindi pathmala 4,Anuraag hindi pathmala 4,Awareness Science,Beginner''s Mathematics,Beginners Computer Science,Beginners Social Studies,Brain Booster,Brain Booster,Brain booster plus 4,Brain Game 4,Bright hearts 4,Bright hearts 4,Bright Sparks : A book of General Knowledge,Browser : a book of GK,Building Bridge: A book on values and life skill,Busy bees hindi pathamala: class 4,CCE Awareness Science,CCE par aadharit hindi pathypustak megha: class 4,CCE wonders of Science,Celebration : A sk"
5nd Standard,26,"A better you,Conquer English,English Junction Coursebook,Essentials Of English Grammar ANd Composition,FireFly Plus Grammar And Composition,Firefly Plus Grammar And Composition Skillsheets,Go Grammar,Great Fun WIth Grammar,Heart and mind,Junior Maths, class 5,Life: a book of value education,Live and let live,Madhurima pathayapushtak 5,Magic touch reader 5,Mathematics 5,Mathematics 5,Moral stairs of mankind 5,Moral Values,NCERT Workbook 5,Number magic 5,Pearls An Integrated Course In English Coursebook,Practise mathematics 5,The English Channel,The salt in life 5,Value education,Value education 5"
5th Standard,795,"365 days,365 days,365 days general knowledge 5,A better you 5,A Book of General Knowledge: New Wisdom Tree,A new Leaf : Main Course book in English,Aao vyakaran shikhe 5,ABC of Computers,ABC of Mathematics,ABC of Mathematics,ABC of Social Studies,Abhayash pustika rimzim: class 5,Abhivyakati hindi pathayapustak 5,Active English,Active english : coursebook 5,Active english coursebook 5,Active mathematics,Active mathematics 5,Active Mathematics 5,Active mathematics: class 5,Active social studies,Active social studies: teachers resource book, class 5,Adept English Grammar,Advanced computer- how,Adventuring beyond; a course in social science,Amber :coursebook 5,Amoli hindi pathmala 5,Amoli hindi vyakaran 5,Amrit : pathmala 5,Amrut hindi pathmala,Amrut hindi pathmala: class 5,An Activity based learning process in Science,An insight into social science 5,An Insight Into Social Studies,An insight into social studies 5,An insight into social studies 5,Anand hindi pathmala 5,Aromatic GK 5,Around the Globe,Around the wo"
6  Standard,23,"Brainwave: a book of general knowledge 6,Brainy: a book of general knowledge,English Grammar and Composition,Enhance our knowledge 6,General Knowledge now,GK smart 6,Grammar Forever,Grammar Magic,Growing with Grammar,Growing with Grammar,Knowledge +,Mathematics  6,MInd express,Ocean 6,Spot light on General Knowledge 6,Thats right GK: class 6,The fact finder,The Grammar Gate,Twist your Brain 6,What's what,What's what 6,What's what 6,What's what 6"
6-8th Standard,1,"Mind Xpress, answer key class 6 - 8"
6th Standard,1059," Atlas: Map Reflection,`365 days general knowledge 6,`Science track 6,365 days,A Beautiful Life,A Better You : A book on value education and life skills,A better you 6,A better you 6,A book of english grammar and composition,A gateway to modern science 6,A New Approach to Composite mathematics,A new Leaf : Main Course book in English,A text book of Social Science,Aao vyakaran shikhe 6,ABC of Computers,Abc of General Knowledge,ABC of Mathematics,ABC of Social Sciences,ABC of Social Sciences,ABC of Value Education,Abhayash pustika ruchira prathamo  bhag: class 6,Abhayash pustika vasant: class 6,Abhivyakti : Pathyapustak 6,ACE  english grammar and composition for schools 6,Acme english practice book 6,Acme english practice book 6,Active English :coursebook 6,Active english 6,Active Grammar,Active Grammar,Active Grammar,Active Mathematics 6,Active mathematics 6,Active Mathematics 6,Active Social Studies,Active teach : maths ace 6,Active teach universal science 6,Activities in Mathematics,Additional practice mathe"
7th Standard,997,"  G K magic, Atlas: Map Reflection, Happiness; treasure within,`Know for sure :general knowledge 7,365 days,365 days abook of general knowledge 7,A Beautiful life Value Education & Life Skill,A Better You : A book on value education and life skills,A better you 7,A better you 7,A book of english grammar and composition 7,A gateway to modern science 7,A new Leaf : Main Course book in English,Aao vyakaran shikhe 7,ABC of Computers,ABC of Mathematics,ABC of Science and Technolgy,ABC of Social Studies,ABC of Value Education,Abhayash pustika vasant: class 7,Abhivyakati hindi pathaypushtak 7,ACE english grammar and composition for schools,Acme English practice book 7,Acme english practice book 7,Active English,Active english :coursebook 7,Active english coursebook 7,Active Grammar,Active Grammar,Active Mathematics 7,Active mathematics 7,Active mathematics 7,Active Social Studies,Active social studies: class 7,Active teach : maths ace 7,Activity Manual Mathematics Formative Assessments,Additional practice : mathemat"
8th Standard,1119," Atlas: Map Reflection, Environment Education,`New voices 8,`The salt in life 8,365 days,365 days general knowledge 8,A Beautiful Life : Value Education & Life Skill,A Better You : A book on value education and life skills,A better you 8,A better you 8,A book of english grammar and composition 8,À gateway to modern science 8,A Text book History,A Text Book of  History,A text book of Social Science,Aao vyakaran shikhe 8,Aao Vyakaran Sikhe,ABC of Computer,ABC of Mathematics,ABC of Mathematics,ABC of Social sciences,ABC of Social sciences,ABD'S Interactive English,Abhayash pustika ruchira prathamo  bhag: class 8,Abhayash pustika vasant: class 8,Abhivyakti hindi pathaypushtak,Ace english grammar 8,ACE english grammar and composition for schools 8,Acme english practice book 8,Acme english pratice book,Active computer,Active English,Active english : coursebook 8,Active english coursebook 8,Active Grammar,Active Grammar,Active Grammar,Active Grammar,Active Mathematics 8,Active mathematics 8,Active Maths,Active teac"
9 & 10th Standard,6,"Comprehensive functional english grammar and composition 9 & 10,Functional english grammar and composition,Functional english grammar and composition 9 & 10,Garima hindi vyakaran: class 9 & 10, course B,Manak hindi vyakaran evam rachana: class 9 & 10, course B,Saral hindi vyakaran tatha rachana: class 9 & 10, course B"
9-10 Standard,8,"Business studies,Elite high school english grammar and composition,Functional english grammar and composition 9 & 10,Functional english grammar and composition 9 and 10,Functional english grammar and composition 9 and 10,Hindi vyakaran 9 & 10,Vyakaran darshika  9-10,Vyakaran sambhod"
9th  Standard,163,"100 percent mathematics CBSE,100 percent science  9,15 Sample papers english communicative,15 sample papers Mathematics,15 sample question papers science,A better you 9,A complete course in mathematics 9,A simple study of biology 9,A textbook of information technology 9,Additional Practice Mathematics,Additional Practice Science,All in one Social science  term -1,Asignments in english plus 9 vol -1,Assignments English plus vol -2,Best in Mathematics 9,Biology 9,Biology: super simplified science,CBSE Complete Course Hindi- A,CBSE examination questions (with solutions )biology,CBSE examination questions (with solutions)Biology,CBSE Examkit in Hindi 9,CBSE Examkit in Mathematics 9,CBSE Examkit in Science 9,CBSE Examkit in Social Science 9,Chemistry 9,Chemistry 9,Chemistry: super simplified science,Computer applications 9,Cyber beans computer applications 9,Cyber beans computer applicatios 9,Dinesh CBSE examination questions( with solutions ) Biology,English language and literature,English language and literature"
9th & 10th  Standard,1,Vyakarn Latika
9th & 10th Standard,2,"Hindi vyakaran,Vyakaran pravesh- Course B"
9th &10yh Standard,1,"Express english grammar a& composition, class 9th& 10th"
9th Standard,431," Atlas: Map Reflection,10 sample question papers english communicative: term 2, class 9,10 sample question papers foundation of information technology: term 2, class 9,10 sample question papers mathematics: term 2, class 9,10 sample question papers science: term 2, class 9,10 sample question papers social science: term 2, class 9,100% Succeess: Sample Question Papers in Mathematics Term-2,100% Succeess: Sample Question Papers in Science Term-2,100% Succeess: Sample Question Papers in Social Science Term-2,100% Success sample papers in English Communicative , term 2, class  9,100% Success sample papers in Mathematics,100% Success sample papers in Science,100% Success sample papers in Science,100% Success Sample Papers Social Science,100% success sample question papers in  Social Science  term 2, class 9,100% success sample question papers in Science  term 1, class 9,100% success sample question papers in Science  term 2, class 9,100% sucess sample question papers in Social Science term 1, class 9,A simple stud"
Biography /  autobiography,35,"Alexander the great :a biography,Alfred Nobel: biography,Bill gates :Pictorial Biography,Bill gates :Pictorial Biography,Devdas(Hindi),Dr Rajendra Prasad :Pictorial Biography,Dr.Bhimrao Ambedkar :Pictorial Biography,Dr.Sarvepalli Radhakrishnana : Biography,Dreams from my father,Gautam Buddha : Biography,George Washington :a biography,Great lives : ruskin bond,Great lives : sachin tendulkar the little master,J.K.Rowling :Pictorial Biography,Jagadish chandra Bose : Biography,Lal Bahadur shastri,Lokmanya bal gangadhar tilak,Mahi,Mein Kampf,Mein Kampf,Narendra Modi : Pictorial Biography,Neil Armstrong : biography,Netaji ;living dangerously,Netaji Subhash Chandra Bose,Sachin Tendulkar :Playing it my way,Sachin Tendulkar :playing it my way,Sardar vallabhbhai patel:Pictorial Biography,Sarojini Naidu:Pictorial Biography,Stephen Hawking : my brief history,Stephen Hawkings : a life well lived,Steve Jobs:Biography,Subhash chandra bose :Pictorial Biography,The diary of a young girl,Tipu Sultan : Biography,Yuvraj singh:th"
CLAT,1,"Universal''s guide to L.L.B,23rd ed."
Comic book : Bravehearts,48,"A nation awakes: the march to freedom,Akbar : a visionary monarch,Amar singh Rathor: of Rajput pride and honour,Ashoka and Chandragupta:2 in 1 mega stories,Ashoka: the warrior who spoke of peace,Bagha Jatin :the tiger  revolutionary,Baji Rao 1: the warrior peshwa,Banda Bahadur: a valliant sikh warrior,Beni madho and pir ali: heroes of 1857,Bhagat singh: the cheerful young martyr,Bhagatsinh and Chandra Shekhar Azad,Bimbisara: model king of Magadha,Bose and Tilak : 2 in 1 mega stories,Chand bibi: the fearless queen,Chandra Shekhar Azad: freedom was his mission,Chennamma of keladi: the queen who defied Aurangazeb,Dara shukoh  and Aurangazeb: the tale of two brothers and the empire,Durgadas: the loyal courtier,Hari singh Nalwa : the gallant general,Harsha: a gallant king of Kanauj,Hemu: brilliant, strategist, shrewd statesman,Jahangir:the gentle mughal`,Kalpana Chawla: the first indian woman in space,Kochunni: the highwayman with a heart,Lachit Barphukan: legendary commander of Assam,Padmini: a tale of love and h"
Comic book : fables & humour,48,"Angulimala: the bandit who took refuge in Buddha,Birbal the clever : tales of birbal,Birbal the clever tales of Birbal,Birbal to the rescue : the master psychologist,Chandralalat : the boy with the moon on his forehead,Friends and foes : animal tales from the Mahabharata,Gopal the jester : the brilliant bengali wit,How friends are parted : tales from the hitopadesha,How the jackal ate the elephant : tales from the panchatantra,Kanwal and kehar : a romantic tale from gujarat,King Kusha :a jataka story about inner beauty,Nandivishala: wit and wisdom from buddhist lore,Sahasramalla :tricker and thief , a jain tale,Sakshi Gopal :   his love wrought a miracle,Shrenik : jain tales of Astuteness and insight,Stories of courage :jataka tales of valour and victory,Stories of wisdom : right thinking from the jataka tales,Stories of wisdom : right thinking from the jataka tales,Stories of wisdom :right thinking from the jataka tales,Tales of misers : a collection of Jataka tales,The adventures of Baddu and Chhotu : who i"
Comic book : Visionaries,13," Jagadis chandra bose,Anant Pai:master storyteller,J.R.D.Tata :the quiet conqueror,Jagadis chandra Bose: the scientist who befriended plants and metals,Jim Corbett: friend of the wild,Mother Teresa :little acts of love,Mother Teresa: little acts of love,Mother Teresa: little acts of love,Narayana Guru: he believed in one human race,Rabindranath Tagore : India's gentle torch bearer,Salim Ali: the bird man of India,Shankar Dev :Preaching the religion of love,Tales of sai baba : the saint of Shirdi"
Comic book :Indian classics,4,"Durgesh Nandini: a story by Bankim Chandra Chattopadhyay,Raj Singh: a historial romance by Bankim Chandra,The Elusive Kaka: adapted from the kannada classic ,kakana kote,Vasavadatta : the princess who captivated a true Kshatriya"
Comic story book,7,"3 in 1 Champions of change,3 in 1 Maratha bravehearts,3 in 1 Tales from the desert,3 in 1 The sons of the pandavas,3 in 1 Vishnu the saviour,Chhota Bheem in Treasure hunt II vol.70,Jeeves and the king of clubs"
Detective novel,13,"A killer in Kailash,And then there were none,And then there were none,Murder on the orient express,Murder on the Orient express,Passenger to Frankfurt,Sherlock Holmes : selected short stories,The adventures of feluda:the royal bengal mystery,The compelete adventures of Feluda,The house of death:the adventures of feluda,The murder of roger ackroyd,The murder of Roger Ackroyd,Trouble in Gangtok"
Dictionary,5,"Dictionary of Chemistry,Dictionary of idioms,Dictionary of Physics,Goosebumps Horrorland: revenge of the living dummy,Pocket French english dictionary"
Encyclopedias,2,"Ancient world children encyclopedia,World Religion"
Epics & Mythology,69,"Abhimanyu: star crossed prince,Agastya: Renowned among the saptarshi,Andhaka: the dark lord who saw light,Aruni and uttanka: tales of devotion and reward,Ashwini kumars: tales of devotion from the Veda,Bahubali: he gave up his empire to learn the truth,Bheem and Hanuman :the sons of vayu,the wind god,Dasharatha: the story of Rama's father,Draupadi : the dusky fireband,Elephanta: the island of Shiva,Ganesha and the moon:other stories,Garuda: vishnu's divine mount,Hanuman: the epitome of Devotion and courage,Harischandra:the king who chose rags over riches,Heroes of Hampi: the mythology of kishkindha,Indra and Vritra: the demon who terrorised the Gods,Indra ans Shibi: tales of the wise lord heaven,Jagannatha of puri: dreamt by a king, sculpted by the  Gods,Jayadratha: retold from the Mahabharata,Kacha and Devayani : star crossed lovers,Karttikeya: a son of Shiva,Konark; temple to the Sun,Krishna and Jarasandha:krishn outsmarts his fierce adversary,Krishna and Narakasura : confidence versus arrogance,Krishna and"
Fiction,263,"2 States,21 Anmol kahaniya,A christmas carol,A dance with dragons 1: dreams and dust,A game of thrones,A hundred little flames,A painted House,Adventure stories,Aladdin and his wonderful lamp,Amelia Jane gets into Trouble,Amelia jane naughty again,Astrosaurs : the claws of christmas,Astrosaurs :the skies of fear,Astrosaurs :the space ghosts,Astrosaurs: free collector cards inside,Astrosaurs: revenge of the fang,Astrosaurs: the dreams of dread,Astrosaurs: the forest of evil,Astrosaurs: the hatching horror,Astrosaurs: the twist of time,Astrosaurs:contest carnage,Astrosaurs:day of the Dino-droids,Astrosaurs:destination danger,Astrosaurs:earth attack,Astrosaurs:riddle of the Raptors,Astrosaurs:the mind sawp menace,Be careful what you wish for,Beauty and the beast,Bicycle magic and other stories,Boy tales of childhood,Breaking down,Bye bye blackbird,Casino Royale,Cavemice: a mammoth mystery,Cavemice: shoo,caveflies,Chhota bheem vol 86 in whirlpool,Chhota Bheemmand Hypnotist harry vol.12,Children of the enchanted j"
Funny book,67,"A giant slice of Horrid Henry 3 books  in 1,A handful of Horrid Henry,A hat trick of Horrid Henry 3 books in 1,A tiny bit lucky,Carry on jeeves,Charlie and the chocolate factory,Don't be Horrid Henry,Horrid  Henry's monster movie,Horrid Henry,Horrid Henry : mighty joke book,Horrid Henry 's big bad book,Horrid Henry 's double dare,Horrid Henry and mummy's curse,Horrid Henry and the abominable snowman,Horrid henry and the Bogey babysitter,Horrid Henry and the comfy black chair,Horrid Henry and the football fiend,Horrid Henry and the mega mean time machine,Horrid Henry and the secret club,Horrid Henry And the zombie vanpire,Horrid Henry author visit,Horrid Henry gets rich quick,Horrid Henry joke book,Horrid Henry meets the queen,Horrid Henry robs the bank,Horrid Henry rules the world,Horrid Henry tricks the tooth fairy,Horrid Henry underpants,Horrid Henry wakes the dead,Horrid Henry's : stinkbomb,Horrid Henry's christmas cracker,Horrid Henry's christmas play,Horrid Henry's dreadful deeds,Horrid Henry's evil enem"
General,12,"Collection:three exciting stories in one,Kahani parayan: part 1,Kahani parayan: part 3,Kahani parayan: part 4,Kahani parayan: part 5,Leadership by example : the ten key principles of all great leaders,Life is what you make it,Life is what you make it,The 5 am club,The witches,The world as i see it,Up from slavery: Booker T.Washington"
General knowledge,8,"101 great Indian scientists,101 great Indian sports stars,365 days,Children's Big book of Knowledge,Earthsong,Fact Finder Histroy,General Knowledge 2017,General Knowledge 2017"
Horror,4,"Goosebumps :jekulland heidi,Goosebumps :Return to horrorland,Goosebumps: phantom of the auditorium,Shivers :the secret of fern island"
IIT JEE,1,37 years chapterwise topicwise solved paper 2015 IIT JEE  |Mathematics
Inspirational books,2,"The miracles of your mind,Who moved my cheese?"
Jokes,2,"Gigglers disgusting jokes,Joke book"
Kids book,7,"Clifford's good deeds,Come on daisy,Peace at last,Puss in Boots,Stories for two years old,Ten out of bed,What could it be?"
Library,2,"India facinating and fun facts,Ripley''s Believe It or Not"
Mythological books,22,"Bhagwan Shiv,Ganesha :the auspicious god,Ganesha is first & kishna lifts govardhan,Ganesha is first & krishna lifts govardhan : 2 in 1,Historial Rama,Indian mythology,Indian mythology: Birth of rama hanuman gets his name,Indian mythology: birth of rama, hanuman gets his name,Indian Mythology:birth of ganesha,Raavan:enemy of aryavarta,Ram: scion of ikshvaku,Shanshipt Buddhcharitra,Shanshipt Mahabharat,Shanshipt Ramayan,Stories of Mythology,The daughter from wishing tree,The gita,The immortals of Meluha :the shiva trilogy book 1,The secret of the nagas:the shiva trilogy :book 2,The Syamantaka gem:the sun god's precious ornaent,Unusual tales from the MAHABHARATA,Vaishno Devi : the goddess of trikuta"
mythology & social theology,1,God: a human history of religion
Non - fiction,163,"10 facinating facts about Dinasaurs,100 inventions that made history,101 Great Indian Authors and poets,101 Great Indian Monuments,177 mental toughness secrets of the world class,21 lessons for the 21st century,52 lessons for life,A masterpiece of grapghs IELTS,A walk in the woods,Aircraft of the Indian Air force,An autobiography:the story of my experiments with truth,An enterainment for angels,Animal encyclopedia,Animals :fascinating facts,Ask an Astronaut,Astronomy: selected topics,Atomic Habits,Attitude is everything,Bark, spike, Bark,Billion & billions,Blood,bones and body bits,Body language and the first line manager,Chanakya and the art of war,Chemical chaos,Chhu lo Aasman,Chicken soup for the soul,Chicken soup for the soul :Indian teachers,Chicken soup for the soul :Indian women,Chicken soup for the soul: find your inner strength,Creating from nature,Creating with paper,Crossword  80 general knowledge crosswords,Crossword 80 general knowledge crossword,Crossword 80 general knowledge crosswords,Destinat"
Novel,91,"1984,20000 Leagues under the sea,A case of need,A good girl's guide to murder,Adam Bede,After the darkness,Airframe,An identity card for Krishna,Anandmath (Hindi),Animal Farm,Charlie and the great glass elevator,Charlie and the great glass elevator,Cure,Daniel Deronda,Danny the champion of the world,Devi chhodhrani (Hindi),Diary of a Wimpy Kid old school,Emma,Felix holt,the radical,Force IO from Navarone,Fun in devlok kama vs yama,George's marvellous medicine,Gold the final science collection,Gullivers tavels,Hamlet:prince of denmark,Harmful Intent,Harry Potter and the chamber of secrets,Harry Potter and the deathly hallows,Harry Potter and the Goblet of fire,Harry Potter and the half blood prince,Harry Potter and the order of the phoenix,Harry Potter and the prisoner of Azkaban,Harry Potter:The philosopher's stone,Jurassic Park,Kankaal (Hindi),Karambhumi (Hindi),Micro,Middlemarch,Midsummer nights dream,Mistress of the game,Next,Northanger Abbey,Outside the gates of the world:selected short stories,Pirate Lat"
Nursery,1,Activity world
Other,13,"15 Sample question papers science class 10,A masterpiece of essays 3,Famous illustrated tales of Vikram and Betal,Life is what you make it,Management information system: managinf th digital firm,Outwitting the devil,People who made history,Stephen Hawings : a biography,Steve jobs: the man who thought different,The kalam effect,The power of your subconscious,Who will cry when you die?,You can win"
Poetry,2,"Greatest poetry ever written,Meri shreshth kavitaye"
Reference,56,"100 Indians who made history,1001 questions and answers,A Practical Course for Developing Writing Skills in English,A practical course in Effective english speaking skills,A Practical Course in Interactive English Grammar for effective communication,A practical course in Spoken english with CD,A practical english grammar,Animals of the world,Atlas primary section,Atlas the world explorer,Biology NEET Booster 11,Caves,Children's illustrated encyclopedia,Children's illustrated internet linked encyclopedia,Competitive English; for professional courses,Complete sucess package for online BITSAT 2013,Comprehensive english grammar,Concept of Physics 2,Discover the life of an Inventor Thomas Edison,Exam Warriors,Geography of the world,Guinness world records 2019,Half Girlfriend,I am Malala,the girl who,Ignited Minds,Indian Heritage quiz book,Indian Heritage quiz book 500 rare,Macmillan school Atlas,Malgudi Adventures;classic tales for children,Manorama yearbook 2019,Math Dictionary,Mighty machines: fascinating facts "
Religious book,2,"Bhagvat Gita,The girl who chose"
Sci - fiction,8,"5 minute marvel stories,Marvel : spider-man home coming,Marvel : spider-man homecoming,Marvel : super hero legends,Taranauts:the magic of the Dazl Corals,Taranauts:the search for the Glytr Turquoises,The complete series volume 2,The magic of the dazl corals"
sciene fiction,7,"Marvel civil war: captian America,Taranauts : The quest for the shyn emeralds,Taranauts :the key to the Shimr Gitrines,Taranauts: the mystery of the syntilla silvers,Taranauts: the race for the glo rubies,Taranauts: the riddle of the lustr sapphires,Taranauts: the secret of the sparkl amethysts"
Speeches,1,World's greatest speeches
Story books,173,"5 minute stories for little ones,51 stories of Tenaliraman,A brave beginning,A new friend for mouse,A very naughty bear,Alice in wonderland,Arctic Adventure,As you like it: a shakespeare story,Bear Snores on,Beauty and the Beast,Best of adventure stories,Best of Arabian Nights,Best of environment stories,Best of facinating stories,Best of fairy land,Best of fairy land,Best of friendship tales,Best of hatim stories,Best of more goodnight stories,Birbal : the clever courtier,Can't you sleep Dotty?,Cat O' nine tales,Chhota Bheem,Chhota Bheem:bheem goes to the zoo,Chhota Bheem:bheem goes to the zoo,Chhotu and the wind,Cinderella,Collected Stories,Daisy and the Moon,Danny Templar :Invasion earth,Disney's : the prince and the pauper,Disney's aladdin,Disney's simba and nala help bomo,Dolphin Rescue,Dora goes to school,Down in the woods at sleepytime,Emma Chichester Clark,English literature reader,Fairy hill: ruby and the magic garden,Fairy Hills,Fairy puzzles,Fairy Tales,Farmer Duck,Finding dory :an enchanting adven"
Strories,19,"Grandma's of stories,Great stories for children,Here's the Naughtiest girl,Round the clock,Second form Malory Towers,Stay hungry stay foolish,Stories of india,Summer stories,The bird with Golden wings,The essential collection for young readers,The famous five other stories,The famous five other stories,The fly away cottage and other stories,The Giraffe and the pelly and me,The great river magic,The mystery of the secret room,The Secret Seven,The whistling schoolboy,World's best mystery and detective stories"
Teachers,4,"Parlons le francais: method de francais -0,Parlons le francais: method de francais -1,Parlons le francais: method de francais -2,Parlons le francais: method de francais -3"
